Frame ID,QR ID,QR 2D,Distance,Yaw,Pitch,Roll
41,998,"[[238.0, 166.0], [235.0, 148.0], [241.0, 146.0], [241.0, 162.0]]",3.2043800668817317,-86.62687096760057,21.143880266425104,-82.8096464822265
42,998,"[[238.0, 166.0], [235.0, 148.0], [241.0, 146.0], [241.0, 162.0]]",3.2043800668817317,-86.62687096760057,21.143880266425104,-82.8096464822265
43,998,"[[238.0, 166.0], [235.0, 148.0], [241.0, 146.0], [241.0, 161.0]]",3.277384875609192,-85.93294794664912,23.059541983196592,-83.05492426192015
225,9,"[[640.0, 21.0], [661.0, 24.0], [656.0, 48.0], [635.0, 44.0]]",2.267945082566824,15.765273278297663,18.96170480175036,-170.38425925894836
227,9,"[[644.0, 34.0], [666.0, 38.0], [661.0, 62.0], [638.0, 57.0]]",2.207888075959862,14.195058798958591,9.615788254077557,-175.99049299489096
228,8,"[[596.0, 22.0], [608.0, 24.0], [605.0, 38.0], [593.0, 36.0]]",3.80515929433867,16.746532880484565,21.961513172889692,-170.50759675468262
229,9,"[[656.0, 45.0], [677.0, 49.0], [672.0, 74.0], [650.0, 69.0]]",2.161834523372887,18.207725043463896,20.59664880470488,-166.12247552018533
230,9,"[[719.0, 69.0], [743.0, 74.0], [735.0, 100.0], [712.0, 95.0]]",1.9769453147626381,6.028600543195878,-20.015991589303063,-153.53234890435485
230,8,"[[659.0, 51.0], [672.0, 54.0], [668.0, 68.0], [655.0, 66.0]]",3.5413760840575232,2.685127350717186,-25.28491923336712,-148.96979907925245
231,9,"[[710.0, 107.0], [736.0, 110.0], [731.0, 139.0], [704.0, 136.0]]",1.7725117878740386,12.979651460889205,24.54867327675587,-173.89586790516736
231,8,"[[639.0, 94.0], [652.0, 95.0], [650.0, 110.0], [636.0, 108.0]]",3.5381467402272158,11.057968197270007,17.986967139898255,-176.55319614454746
232,9,"[[719.0, 98.0], [746.0, 101.0], [742.0, 130.0], [713.0, 127.0]]",1.772588745029942,10.388991903131167,15.978140081985426,-176.9718645345289
232,8,"[[646.0, 85.0], [660.0, 86.0], [657.0, 102.0], [643.0, 101.0]]",3.1996164981144686,12.040908746070443,27.397810377593256,-177.19964289272073
233,9,"[[722.0, 88.0], [750.0, 91.0], [745.0, 120.0], [716.0, 116.0]]",1.7642643548069676,10.537296827173618,12.717203470761447,178.13914967537283
234,9,"[[729.0, 77.0], [758.0, 79.0], [752.0, 109.0], [724.0, 105.0]]",1.7592839109583482,10.790901506288279,16.408842494604816,-179.45198531666517
235,9,"[[744.0, 75.0], [773.0, 76.0], [770.0, 107.0], [739.0, 104.0]]",1.7107756206199687,7.396338799075784,12.399368183762908,179.03639215227227
236,9,"[[752.0, 70.0], [782.0, 72.0], [777.0, 103.0], [748.0, 100.0]]",1.7329398441738935,9.442190370723505,15.18672210063219,-173.08296576483622
237,9,"[[755.0, 56.0], [784.0, 57.0], [779.0, 89.0], [750.0, 86.0]]",1.712950073951149,11.318001053101336,23.008571621343613,-172.70867305372425
238,9,"[[753.0, 48.0], [784.0, 49.0], [779.0, 82.0], [750.0, 80.0]]",1.6640113944340553,10.454268866809947,22.98161932239825,-168.04586657533068
239,9,"[[752.0, 57.0], [782.0, 59.0], [778.0, 91.0], [746.0, 88.0]]",1.6536599560156555,9.178640179275947,14.67670438117379,-178.4794904024517
239,8,"[[674.0, 46.0], [688.0, 46.0], [686.0, 63.0], [671.0, 63.0]]",3.0956060694217093,10.59284208274499,30.87553302803165,-175.65685819591576
240,9,"[[721.0, 66.0], [754.0, 70.0], [747.0, 104.0], [715.0, 100.0]]",1.5330659656516972,4.401702330717022,-9.49364651140051,-152.40209284256665
240,8,"[[636.0, 50.0], [651.0, 51.0], [649.0, 68.0], [633.0, 67.0]]",3.087520258742695,10.00620453034984,20.190474847231837,-175.8792017577447
241,9,"[[657.0, 69.0], [694.0, 72.0], [688.0, 113.0], [651.0, 108.0]]",1.3108087040189493,11.126336300270262,17.71539317088415,-171.6915612512876
241,8,"[[561.0, 48.0], [577.0, 49.0], [575.0, 68.0], [559.0, 67.0]]",2.8218946212800886,10.954089777803114,23.760411941354224,-170.39862493409916
242,9,"[[666.0, 64.0], [704.0, 68.0], [698.0, 110.0], [660.0, 104.0]]",1.2921426514463572,11.859786349692314,15.433020388037555,-166.63946874309195
243,9,"[[680.0, 72.0], [719.0, 77.0], [712.0, 119.0], [672.0, 113.0]]",1.2526910845177144,11.642997535021774,13.511302097250702,-173.78043488239285
244,9,"[[683.0, 81.0], [723.0, 85.0], [716.0, 128.0], [676.0, 122.0]]",1.236287026253221,10.999581260219438,14.469609587430046,-173.31452876781904
244,8,"[[585.0, 56.0], [601.0, 58.0], [598.0, 76.0], [583.0, 75.0]]",2.876688624228007,-5.176723019548855,-32.434438150530596,-153.5037522806878
245,9,"[[680.0, 84.0], [721.0, 88.0], [712.0, 132.0], [673.0, 125.0]]",1.2134902271478911,12.601014074022945,17.690949227380145,-173.22921755447354
245,8,"[[582.0, 57.0], [599.0, 58.0], [596.0, 77.0], [579.0, 75.0]]",2.7992683400153036,10.256297501246074,17.95684241560019,-177.80085169184062
246,9,"[[681.0, 84.0], [723.0, 89.0], [714.0, 132.0], [674.0, 126.0]]",1.204719532288671,11.45188096363724,14.101704946746805,-176.23163420022883
246,8,"[[583.0, 56.0], [599.0, 57.0], [595.0, 77.0], [579.0, 75.0]]",2.6553103274298966,14.47486566599203,29.167549039036697,-175.33746333696533
247,9,"[[682.0, 84.0], [724.0, 89.0], [715.0, 134.0], [675.0, 127.0]]",1.181290174292381,13.142836012797,17.733335521513265,-169.92361666562206
247,8,"[[583.0, 56.0], [599.0, 58.0], [596.0, 77.0], [579.0, 75.0]]",2.753165765321267,13.559065230921814,22.50400404333097,-173.8140805172199
248,9,"[[678.0, 89.0], [720.0, 93.0], [712.0, 138.0], [670.0, 131.0]]",1.172427491901268,11.158520102264182,14.464454356528858,-177.06738747605138
248,8,"[[579.0, 59.0], [596.0, 61.0], [591.0, 80.0], [575.0, 78.0]]",2.6767234818226093,-4.1593093515516,-33.80487821958424,-144.97467466530236
249,9,"[[671.0, 94.0], [713.0, 99.0], [705.0, 144.0], [663.0, 137.0]]",1.166426657305114,11.689028339008768,14.229907820537644,-174.27962178314522
249,8,"[[572.0, 61.0], [589.0, 64.0], [585.0, 82.0], [568.0, 81.0]]",2.6889928174633346,-3.0867326532626436,-30.92123375623395,-146.54177675480483
250,9,"[[630.0, 97.0], [677.0, 106.0], [664.0, 154.0], [619.0, 145.0]]",1.0363180908131393,6.715622897106491,-17.82984437263453,-153.77667616004902
251,9,"[[217.0, 142.0], [264.0, 149.0], [256.0, 201.0], [208.0, 194.0]]",1.0301728741072842,9.636652357764296,9.923615023843372,-179.41470918430383
251,8,"[[116.0, 89.0], [134.0, 92.0], [130.0, 113.0], [112.0, 111.0]]",2.6055645842766464,-15.764769853957523,-66.8263189101694,-144.75298298860582
252,2,"[[502.0, 6.0], [633.0, 17.0], [615.0, 150.0], [486.0, 135.0]]",0.38876182574591517,7.2227582432471795,6.169084035988713,178.33926539868534
252,9,"[[175.0, 175.0], [224.0, 182.0], [218.0, 234.0], [168.0, 228.0]]",1.0375043244720028,0.0686276940715115,-54.355175427613254,-167.42871876945796
252,8,"[[72.0, 120.0], [92.0, 123.0], [89.0, 144.0], [69.0, 142.0]]",2.6519043107171383,-7.238422098830228,-60.790637810882465,-156.2115154840275
253,2,"[[501.0, 9.0], [632.0, 21.0], [613.0, 153.0], [485.0, 138.0]]",0.38996824010069986,7.458941216692732,6.068955900863095,178.5146748654769
253,9,"[[172.0, 175.0], [222.0, 182.0], [216.0, 235.0], [166.0, 228.0]]",1.030449188400767,8.50068641067102,5.205835603683122,-176.14777477300026
253,8,"[[69.0, 120.0], [89.0, 123.0], [86.0, 144.0], [66.0, 141.0]]",2.724061372390417,9.150735919975665,-1.6873407712397797,-176.54215485371452
254,2,"[[508.0, 6.0], [640.0, 18.0], [622.0, 150.0], [492.0, 135.0]]",0.3875239122253403,7.048250814937043,4.817874943368293,177.15498688175495
254,9,"[[178.0, 173.0], [228.0, 180.0], [222.0, 233.0], [171.0, 224.0]]",1.0459105387523708,9.212671754787545,2.3540581351996726,-175.7455494539282
255,2,"[[527.0, 6.0], [647.0, 18.0], [632.0, 136.0], [513.0, 123.0]]",0.42780165028026784,6.5808300474903705,2.59107150784804,175.74251895332696
255,9,"[[189.0, 170.0], [239.0, 177.0], [233.0, 229.0], [183.0, 221.0]]",1.054632843889017,8.791336578555455,2.5060326730322657,-175.53273663835682
256,9,"[[205.0, 161.0], [254.0, 167.0], [249.0, 219.0], [199.0, 213.0]]",1.041985024479278,7.503783790822188,5.174576791228339,-177.18354348169083
257,9,"[[222.0, 151.0], [271.0, 157.0], [266.0, 209.0], [216.0, 202.0]]",1.0488256627759442,7.956545004017203,4.229094047915831,-176.27542858711794
264,9,"[[526.0, 56.0], [580.0, 60.0], [573.0, 116.0], [520.0, 110.0]]",0.9370009022185294,7.144038778159124,7.569144338684847,-179.2778521646085
265,9,"[[549.0, 45.0], [602.0, 50.0], [595.0, 106.0], [542.0, 101.0]]",0.9332492839630157,8.280315314459388,10.79815691423302,-176.494484281118
266,9,"[[570.0, 34.0], [625.0, 38.0], [616.0, 96.0], [563.0, 90.0]]",0.9135365326907589,8.951876023978757,12.769516142804289,-177.25577456901755
267,9,"[[588.0, 24.0], [644.0, 29.0], [636.0, 86.0], [580.0, 79.0]]",0.9080990273682987,7.833075751222387,6.160694094771532,177.34952921367517
268,9,"[[605.0, 17.0], [661.0, 25.0], [652.0, 83.0], [595.0, 75.0]]",0.8980249005490862,9.684724577623,5.558920708905819,-178.11377610973878
269,9,"[[617.0, 16.0], [674.0, 23.0], [664.0, 83.0], [608.0, 75.0]]",0.890668050154871,10.476111833765724,9.53279923104119,-173.62659504501275
270,9,"[[627.0, 17.0], [686.0, 22.0], [677.0, 84.0], [619.0, 76.0]]",0.8696431284721801,8.776029859215328,8.18995061866298,-176.16570899257903
271,9,"[[641.0, 18.0], [701.0, 24.0], [691.0, 86.0], [632.0, 78.0]]",0.8547492052871283,9.277284412534346,8.391838289766804,-177.80834972667617
272,9,"[[655.0, 17.0], [715.0, 24.0], [704.0, 87.0], [645.0, 79.0]]",0.8468923463895739,10.798229800524942,11.386718514657922,-173.8353837893031
273,9,"[[667.0, 15.0], [729.0, 21.0], [718.0, 85.0], [657.0, 76.0]]",0.829910063942869,9.775262242521263,9.027395214853517,-178.87108202186886
274,9,"[[681.0, 13.0], [743.0, 20.0], [731.0, 85.0], [670.0, 76.0]]",0.8249790539997597,11.162588399285395,11.578829920131746,-174.7579148887323
275,9,"[[694.0, 12.0], [759.0, 20.0], [745.0, 84.0], [683.0, 74.0]]",0.8068832391151821,6.9408769912616926,-3.885260790112048,-141.94886059304952
285,8,"[[706.0, 25.0], [731.0, 25.0], [728.0, 53.0], [703.0, 54.0]]",1.8897597249446645,-7.5862987877080625,-19.76707259506291,-148.09961745993652
286,8,"[[691.0, 45.0], [717.0, 45.0], [714.0, 74.0], [689.0, 74.0]]",1.8552871159569975,-6.046146061695653,-19.606279113770245,-152.917811762658
287,8,"[[689.0, 51.0], [715.0, 51.0], [711.0, 81.0], [686.0, 80.0]]",1.807086040659211,10.687832957043485,29.039328023457834,-171.33294951981043
288,8,"[[685.0, 58.0], [711.0, 58.0], [708.0, 87.0], [682.0, 87.0]]",1.8220724126236671,8.089139586229601,25.74129070028097,-174.44741159417728
289,8,"[[683.0, 51.0], [708.0, 52.0], [705.0, 80.0], [680.0, 80.0]]",1.874878902326906,-5.321840064100631,-21.175332303549638,-152.85220708088104
291,8,"[[665.0, 41.0], [692.0, 41.0], [689.0, 71.0], [662.0, 70.0]]",1.8032738915027853,7.82126757520161,20.967330437612816,-174.17097135829948
292,8,"[[660.0, 43.0], [687.0, 43.0], [683.0, 73.0], [657.0, 72.0]]",1.7931908633567766,8.866614583714625,23.91626424277801,-174.77634106239907
293,8,"[[658.0, 39.0], [686.0, 38.0], [683.0, 68.0], [656.0, 67.0]]",1.811142312795162,5.5607862368113565,17.415086078930358,-177.82084782800985
300,8,"[[456.0, 16.0], [490.0, 9.0], [493.0, 47.0], [460.0, 53.0]]",1.4197486855429482,-4.602751795488438,17.762537686546242,-178.67888941338967
301,8,"[[451.0, 16.0], [485.0, 11.0], [488.0, 50.0], [455.0, 55.0]]",1.4013217456128724,-20.67092678770175,-30.870233176659102,-144.1972728505025
302,8,"[[455.0, 20.0], [489.0, 14.0], [493.0, 53.0], [460.0, 59.0]]",1.3951308904640756,-21.785210216972025,-29.80970827556691,-144.43802364568685
303,8,"[[456.0, 15.0], [489.0, 10.0], [493.0, 50.0], [460.0, 55.0]]",1.376572395226267,-0.4040239225946345,22.6643843722076,-169.90659147010615
304,8,"[[454.0, 41.0], [490.0, 37.0], [493.0, 81.0], [456.0, 84.0]]",1.248952892451224,1.411592175975383,21.563962078619248,-171.19852692720605
305,8,"[[527.0, 49.0], [571.0, 46.0], [569.0, 99.0], [526.0, 100.0]]",1.023270522957445,5.1991237336621,25.50513164270397,-173.48359350230967
306,8,"[[548.0, 55.0], [593.0, 52.0], [591.0, 108.0], [547.0, 109.0]]",0.9673470105638561,6.353239598986066,29.09360715533778,-171.5792115721201
307,8,"[[560.0, 57.0], [606.0, 55.0], [603.0, 111.0], [557.0, 111.0]]",0.9611596018081646,6.772678932489635,26.976771706804694,-173.19840693405268
308,8,"[[576.0, 54.0], [624.0, 52.0], [619.0, 109.0], [572.0, 109.0]]",0.9363965680401317,7.00054601994633,27.187303251577728,-175.49239428860557
309,8,"[[596.0, 49.0], [644.0, 47.0], [639.0, 106.0], [591.0, 105.0]]",0.9172962717170571,8.399326565856716,29.039275086820055,-173.61994317380208
310,8,"[[617.0, 45.0], [667.0, 44.0], [662.0, 104.0], [612.0, 102.0]]",0.9079748405512171,8.930226497224723,27.003269522574037,-171.57662593423734
311,8,"[[645.0, 49.0], [697.0, 49.0], [691.0, 110.0], [640.0, 108.0]]",0.8862383331662006,9.689793843534947,27.74428069546167,-170.302610942699
312,8,"[[671.0, 49.0], [724.0, 48.0], [717.0, 111.0], [665.0, 109.0]]",0.8621050771426348,10.154576943189364,30.431078634335382,-171.33693326980162
313,8,"[[692.0, 52.0], [746.0, 53.0], [737.0, 119.0], [684.0, 113.0]]",0.8367672974887402,13.793798324839834,31.70641065299625,-167.34982497219772
314,8,"[[711.0, 59.0], [767.0, 61.0], [756.0, 127.0], [701.0, 121.0]]",0.8220184994362675,13.661958836709339,30.816192972964185,-170.48662323223962
316,1,"[[99.0, 110.0], [124.0, 110.0], [125.0, 132.0], [101.0, 133.0]]",2.497364202191877,-9.355381148983016,-33.586241437324276,-149.00975059847
317,1,"[[134.0, 117.0], [159.0, 120.0], [157.0, 142.0], [134.0, 141.0]]",2.460273817742909,-4.15082093253811,-41.54296991241632,-159.37710440828081
318,1,"[[141.0, 122.0], [167.0, 123.0], [167.0, 145.0], [143.0, 146.0]]",2.406382385043712,-7.883528825635313,-33.23395774601268,-150.43153270514588
319,1,"[[151.0, 121.0], [176.0, 122.0], [176.0, 144.0], [152.0, 145.0]]",2.4049448364821955,-9.47669142114932,-37.72166791993121,-150.0522770543175
320,1,"[[163.0, 120.0], [191.0, 121.0], [189.0, 143.0], [165.0, 142.0]]",2.3138314422812125,-3.9113722650810785,-28.57590073571417,-140.2823921427024
322,1,"[[201.0, 128.0], [227.0, 128.0], [226.0, 150.0], [204.0, 150.0]]",2.441964850114147,-6.780227249338202,-28.61919115005428,-148.66025916489508
323,1,"[[210.0, 117.0], [234.0, 118.0], [233.0, 141.0], [210.0, 141.0]]",2.333158152248266,-10.490111156890567,-43.01450793558748,-150.88375120328956
324,1,"[[217.0, 118.0], [242.0, 121.0], [240.0, 144.0], [217.0, 143.0]]",2.3056793622652525,-5.1874077301786645,-42.026670698303846,-159.64340362359417
325,1,"[[283.0, 142.0], [309.0, 143.0], [308.0, 168.0], [283.0, 167.0]]",2.1393626028117514,-5.266983722814735,-33.77169815754605,-156.55956659408065
326,1,"[[304.0, 159.0], [335.0, 161.0], [334.0, 189.0], [306.0, 187.0]]",1.8726291050749642,1.940428023645209,-10.949009131968415,-157.4662038371091
327,1,"[[317.0, 177.0], [346.0, 178.0], [345.0, 208.0], [316.0, 206.0]]",1.7885848389582053,3.2012145422157,3.028546028325007,-177.162287179763
328,1,"[[325.0, 178.0], [354.0, 181.0], [353.0, 210.0], [324.0, 207.0]]",1.8194608319931331,5.568487444618066,-1.0584360989431847,-168.3986735427475
329,1,"[[342.0, 183.0], [372.0, 184.0], [370.0, 214.0], [343.0, 213.0]]",1.750663925623855,3.0519533929567157,7.733051702389699,-175.32118426938658
330,1,"[[355.0, 180.0], [385.0, 181.0], [383.0, 211.0], [355.0, 209.0]]",1.7701958265537083,3.2849786056001897,3.2700995476435764,-176.4695547565108
331,1,"[[355.0, 171.0], [385.0, 172.0], [383.0, 202.0], [355.0, 201.0]]",1.7398251635569832,-5.096473454345549,-35.69462212746183,-160.42006455603027
332,1,"[[352.0, 168.0], [383.0, 169.0], [381.0, 200.0], [352.0, 199.0]]",1.6856067752626396,-5.278863644216111,-35.706481259285745,-160.0237400784459
333,1,"[[354.0, 174.0], [385.0, 176.0], [383.0, 207.0], [354.0, 205.0]]",1.6941146354044074,4.369066397081303,4.703227187407048,-173.4155233883012
334,1,"[[359.0, 179.0], [391.0, 180.0], [389.0, 212.0], [360.0, 210.0]]",1.6630970025986886,3.4449677883900054,5.006732368812708,-173.2388399736762
335,1,"[[384.0, 187.0], [417.0, 189.0], [415.0, 223.0], [383.0, 221.0]]",1.5231042278720428,4.396179553664162,7.605700915770314,-175.55574576595822
336,1,"[[444.0, 210.0], [483.0, 212.0], [481.0, 254.0], [443.0, 252.0]]",1.2100281900286531,4.60524748988279,14.801430633442592,-174.41743819491367
337,1,"[[461.0, 209.0], [502.0, 212.0], [499.0, 255.0], [461.0, 251.0]]",1.188595183983535,6.541040088163412,13.488549023186025,-168.77545288425478
338,1,"[[482.0, 203.0], [523.0, 203.0], [520.0, 249.0], [482.0, 244.0]]",1.1601373879245496,5.7911803055654945,17.507335681895345,-171.5047521107892
339,1,"[[494.0, 186.0], [535.0, 188.0], [534.0, 232.0], [493.0, 229.0]]",1.1672542211253347,5.009778437595431,11.764650501747676,-169.3993318014204
340,1,"[[492.0, 175.0], [534.0, 177.0], [531.0, 222.0], [490.0, 219.0]]",1.1422993042897682,5.390751716594326,13.447995942995592,-174.46258033116962
341,1,"[[487.0, 173.0], [529.0, 175.0], [526.0, 221.0], [484.0, 218.0]]",1.1159311975779205,5.581281187143976,14.990473808647717,-175.91968008928384
342,1,"[[484.0, 176.0], [527.0, 180.0], [524.0, 226.0], [481.0, 223.0]]",1.094333461706939,-0.39248770601724176,-30.055996750661844,-168.80652484965742
343,1,"[[485.0, 182.0], [528.0, 185.0], [526.0, 233.0], [483.0, 229.0]]",1.0702063548874161,6.905251277530732,16.820961944836817,-169.87597629633336
344,1,"[[488.0, 189.0], [532.0, 191.0], [529.0, 240.0], [486.0, 236.0]]",1.0549943305329956,6.2244285832787485,17.3353812569297,-172.80874769812144
345,1,"[[499.0, 226.0], [550.0, 231.0], [546.0, 284.0], [497.0, 279.0]]",0.9403463783261216,6.868292186502231,12.943065134734695,-169.62638494102183
346,1,"[[605.0, 209.0], [669.0, 216.0], [665.0, 287.0], [601.0, 276.0]]",0.7074633168371495,10.495331999602813,21.770865037450367,-161.5344803269758
347,1,"[[656.0, 202.0], [724.0, 210.0], [716.0, 286.0], [650.0, 273.0]]",0.6688612952693774,12.383594015959472,25.861354239742916,-162.79883159637183
348,1,"[[665.0, 193.0], [733.0, 202.0], [724.0, 279.0], [657.0, 266.0]]",0.6595690147706769,13.164005785649184,27.053889260959327,-163.96240491734338
349,1,"[[666.0, 186.0], [736.0, 197.0], [725.0, 275.0], [656.0, 259.0]]",0.6514350999140378,14.601666173448724,24.146962452259405,-162.18884730418475
350,1,"[[668.0, 184.0], [739.0, 196.0], [726.0, 277.0], [658.0, 259.0]]",0.6295784702122593,16.511537895653188,27.813135752524254,-161.262011709255
351,1,"[[677.0, 186.0], [750.0, 200.0], [736.0, 281.0], [666.0, 262.0]]",0.622033498797711,16.995101220077668,25.940569916151986,-159.98068054651233
352,1,"[[688.0, 188.0], [761.0, 203.0], [747.0, 286.0], [676.0, 265.0]]",0.60777763395307,18.40328700716745,28.10476272683157,-158.42404201497172
353,1,"[[703.0, 192.0], [778.0, 208.0], [763.0, 292.0], [690.0, 271.0]]",0.5969955346609466,18.37947376777841,28.086259129615357,-158.92914267816096
354,1,"[[723.0, 195.0], [802.0, 212.0], [786.0, 297.0], [711.0, 275.0]]",0.5853605775509337,18.51751866497833,27.115366688155845,-156.26867368067275
355,1,"[[744.0, 198.0], [825.0, 216.0], [809.0, 303.0], [732.0, 280.0]]",0.5701514731216014,19.260393234290433,28.950055726582235,-154.52308812030714
378,6,"[[453.0, 22.0], [501.0, 24.0], [499.0, 72.0], [449.0, 69.0]]",1.0705268865110642,2.7828004107659052,0.4213058984454236,174.17615833107013
379,6,"[[485.0, 21.0], [536.0, 24.0], [532.0, 72.0], [483.0, 68.0]]",1.0506918424139502,-0.12410389396277663,-12.69966150307497,-137.9748842941453
380,6,"[[514.0, 29.0], [564.0, 33.0], [561.0, 82.0], [511.0, 77.0]]",1.043487624870177,3.5645567492553556,-4.554160231059933,174.7683558634037
381,6,"[[539.0, 32.0], [590.0, 35.0], [584.0, 84.0], [535.0, 80.0]]",1.026562468657323,-0.1544340692429372,-13.288204798759729,-139.65672527810912
382,6,"[[560.0, 30.0], [611.0, 32.0], [605.0, 82.0], [556.0, 79.0]]",1.018002120969422,-1.5066685691624429,-13.864506326678727,-140.71828486633618
383,6,"[[581.0, 28.0], [631.0, 30.0], [625.0, 81.0], [576.0, 78.0]]",1.018267272044303,5.9608930593993374,10.254714914469947,178.50178029840077
384,6,"[[598.0, 25.0], [649.0, 27.0], [645.0, 78.0], [593.0, 75.0]]",0.9960321209699854,4.430949828994918,5.595842610606911,174.55690907634755
385,6,"[[615.0, 23.0], [668.0, 25.0], [663.0, 76.0], [610.0, 73.0]]",0.969768780590367,4.555773362419952,6.0533559363970895,171.29252215766144
386,6,"[[632.0, 22.0], [686.0, 24.0], [681.0, 76.0], [628.0, 73.0]]",0.96472844809077,4.331162302944574,5.295872761147879,172.99361552405932
387,6,"[[649.0, 26.0], [702.0, 29.0], [697.0, 81.0], [644.0, 79.0]]",0.9705198768390315,4.977377932268468,7.055911240990443,176.5549169599684
388,6,"[[662.0, 32.0], [716.0, 34.0], [712.0, 87.0], [658.0, 85.0]]",0.9560656213925915,3.9435066490283086,5.723384989740934,175.65369529259854
389,6,"[[677.0, 35.0], [732.0, 35.0], [727.0, 90.0], [673.0, 88.0]]",0.9438630714407084,4.274032808209605,10.423840485618113,176.73791392496494
390,6,"[[692.0, 34.0], [748.0, 35.0], [743.0, 90.0], [687.0, 88.0]]",0.9227098964240372,4.551692203386743,9.566223688850302,174.56049840415457
391,6,"[[703.0, 33.0], [760.0, 33.0], [755.0, 89.0], [698.0, 87.0]]",0.9086982872816897,4.3576206277916105,10.643326010676033,173.5632793661452
392,6,"[[716.0, 28.0], [775.0, 27.0], [769.0, 83.0], [711.0, 82.0]]",0.8877572983137451,4.189949118513262,13.019569319119366,170.52358527096553
393,6,"[[729.0, 14.0], [788.0, 13.0], [781.0, 71.0], [723.0, 70.0]]",0.887557980234671,5.3729047609394875,15.961114124395882,174.70706213094755
397,3,"[[618.0, 117.0], [630.0, 118.0], [628.0, 128.0], [617.0, 127.0]]",4.3664110085514665,2.989299211332339,-8.105648171738405,-133.7152491831244
398,3,"[[624.0, 119.0], [635.0, 120.0], [634.0, 131.0], [623.0, 130.0]]",4.589657053636184,5.193297517302545,0.19240117190545894,178.45603895963868
405,3,"[[682.0, 166.0], [693.0, 165.0], [694.0, 176.0], [682.0, 176.0]]",4.368566256966204,-2.157328347599875,1.357239793557968,163.97486425227834
408,3,"[[687.0, 153.0], [699.0, 154.0], [698.0, 165.0], [686.0, 164.0]]",4.187713177253867,5.229627930481158,1.88071775423254,165.05536040212263
409,3,"[[693.0, 152.0], [704.0, 152.0], [703.0, 164.0], [692.0, 163.0]]",4.450278056253809,6.22650614261763,16.857978204431742,-174.61929857316755
412,3,"[[715.0, 170.0], [728.0, 169.0], [728.0, 179.0], [716.0, 180.0]]",4.037785328500102,-3.5005952511761107,5.143033553159907,-131.84362578397287
414,3,"[[736.0, 167.0], [749.0, 167.0], [748.0, 178.0], [736.0, 178.0]]",4.062012560898243,0.9264678572126541,4.002822957016626,-139.4301317945421
415,3,"[[744.0, 169.0], [757.0, 169.0], [757.0, 179.0], [744.0, 180.0]]",3.918784578736471,-0.6285346370273329,7.547542366499445,153.30144458631716
416,3,"[[754.0, 167.0], [766.0, 167.0], [766.0, 178.0], [753.0, 178.0]]",4.082716139916617,1.8031423970305511,8.500247495148164,161.04671974532988
417,3,"[[764.0, 169.0], [777.0, 170.0], [776.0, 181.0], [763.0, 180.0]]",3.9178141643322038,5.636680740276369,5.303885304061607,157.7069473369075
421,3,"[[828.0, 160.0], [842.0, 161.0], [840.0, 173.0], [827.0, 172.0]]",3.8664416171742366,6.539206776842389,9.671111229267378,-140.6179647638627
442,190,"[[578.0, 348.0], [577.0, 318.0], [584.0, 347.0], [581.0, 352.0]]",2.0306078841448567,-83.43959055283017,44.949911944332,108.91942881306264
449,683,"[[573.0, 367.0], [579.0, 390.0], [576.0, 394.0], [574.0, 392.0]]",2.5614804385883154,68.21433744962424,46.77069336964285,-111.59653236919867
475,3,"[[825.0, 245.0], [843.0, 246.0], [840.0, 261.0], [824.0, 260.0]]",3.0263280076343992,4.235661299743229,5.766235687574192,-146.7944401539991
476,3,"[[816.0, 251.0], [834.0, 251.0], [833.0, 266.0], [816.0, 266.0]]",2.9507425274744965,1.1691519432452184,9.924408082248314,-144.89932911714806
477,3,"[[809.0, 259.0], [827.0, 260.0], [824.0, 275.0], [808.0, 273.0]]",3.0028228128688585,6.043777277592829,7.538337789105291,-143.7891565553416
478,3,"[[803.0, 266.0], [820.0, 267.0], [818.0, 282.0], [801.0, 281.0]]",2.9917242053529267,5.033619603593456,15.598749700759845,159.05766079348726
479,3,"[[795.0, 275.0], [812.0, 276.0], [810.0, 291.0], [793.0, 290.0]]",2.9785063006005523,4.853446236241839,15.507722876854508,158.37988755891908
480,3,"[[786.0, 284.0], [803.0, 285.0], [800.0, 301.0], [784.0, 299.0]]",3.172839807758033,7.413741858622917,8.271547677896317,-162.1423828043071
485,3,"[[806.0, 323.0], [825.0, 326.0], [823.0, 340.0], [805.0, 338.0]]",2.734322599159081,8.450648072106802,13.177972361218556,-139.68441199188334
486,3,"[[806.0, 326.0], [824.0, 328.0], [823.0, 343.0], [805.0, 341.0]]",2.8148601661744537,6.64492367486686,5.298860132847647,150.005420348995
486,10,"[[42.0, 161.0], [51.0, 162.0], [50.0, 174.0], [41.0, 172.0]]",5.035416721664929,11.092196273372231,11.43023638134595,-171.077983015634
487,3,"[[806.0, 324.0], [824.0, 326.0], [822.0, 342.0], [805.0, 340.0]]",2.8935233081871004,7.267382055327122,14.434449868504133,-155.39006417528122
488,3,"[[805.0, 321.0], [823.0, 323.0], [821.0, 339.0], [804.0, 337.0]]",2.892015834301422,7.314520452936233,14.424989386361272,-155.13589995497904
489,3,"[[803.0, 318.0], [821.0, 320.0], [819.0, 336.0], [801.0, 333.0]]",2.8343172726150225,8.469736239613189,11.351354354942387,-148.54422169947622
490,3,"[[801.0, 314.0], [819.0, 316.0], [818.0, 332.0], [800.0, 330.0]]",2.7986968483503247,6.590045291987757,2.8934429298922617,156.52761854747084
491,3,"[[802.0, 310.0], [820.0, 312.0], [819.0, 328.0], [801.0, 326.0]]",2.799409163101634,6.604740201696116,2.822414031872642,156.71758611327104
491,10,"[[20.0, 149.0], [30.0, 151.0], [29.0, 163.0], [19.0, 162.0]]",4.67493350594348,-9.673018846747278,-73.1825047400807,-163.54203821850186
492,3,"[[804.0, 302.0], [822.0, 304.0], [821.0, 320.0], [802.0, 318.0]]",2.7418226212403267,6.734562758151255,6.748764672552189,155.08476914355572
492,10,"[[17.0, 148.0], [28.0, 150.0], [26.0, 162.0], [17.0, 160.0]]",4.848086353634272,12.408407474775332,5.030253885845434,-167.59684066788515
493,3,"[[803.0, 301.0], [821.0, 303.0], [820.0, 319.0], [801.0, 317.0]]",2.7407171842769844,6.736847194622019,6.677728086504943,155.10140426381258
494,3,"[[798.0, 302.0], [816.0, 304.0], [815.0, 320.0], [796.0, 318.0]]",2.7352137146505338,6.709642937719751,6.4923273418952805,154.9246138488621
495,3,"[[792.0, 305.0], [810.0, 306.0], [809.0, 323.0], [791.0, 321.0]]",2.806855596094189,5.723927834548023,14.343206756470806,-154.59917975656973
496,3,"[[784.0, 303.0], [803.0, 305.0], [802.0, 321.0], [784.0, 320.0]]",2.711743666786494,5.666652556387139,15.88954990301878,-149.90557348111966
497,3,"[[779.0, 301.0], [797.0, 303.0], [795.0, 320.0], [777.0, 317.0]]",2.7765584150778566,8.910530275139903,12.652282557074487,-153.46564268449112
498,3,"[[773.0, 300.0], [791.0, 301.0], [790.0, 318.0], [771.0, 316.0]]",2.7203843500433793,5.196725694126804,7.9988179043651835,158.02437513305637
499,3,"[[771.0, 301.0], [789.0, 303.0], [787.0, 320.0], [769.0, 317.0]]",2.7691815638375714,8.848452040697122,12.055607909283708,-153.3791589351274
500,3,"[[770.0, 304.0], [788.0, 305.0], [787.0, 322.0], [768.0, 320.0]]",2.7171167145349577,5.153384003558981,7.974268419502984,157.7595897524868
501,3,"[[768.0, 304.0], [787.0, 306.0], [785.0, 323.0], [767.0, 321.0]]",2.700540710615934,6.994161940239092,12.118989387271164,-154.0630725831384
502,3,"[[766.0, 300.0], [785.0, 302.0], [783.0, 319.0], [765.0, 316.0]]",2.6811574311997086,8.765182176785649,13.915345215154947,-148.90523888473462
503,3,"[[761.0, 293.0], [780.0, 294.0], [779.0, 310.0], [761.0, 309.0]]",2.7121635543442077,3.897153262993949,11.060269383101874,-146.82355365793197
504,3,"[[755.0, 285.0], [774.0, 287.0], [773.0, 303.0], [754.0, 301.0]]",2.620785303701222,6.273694031435026,2.088914142193988,151.723736673949
505,3,"[[749.0, 284.0], [768.0, 284.0], [768.0, 301.0], [749.0, 301.0]]",2.643342841123206,0.4641438203478392,5.800750456495287,158.25868496253275
506,3,"[[741.0, 283.0], [760.0, 282.0], [760.0, 300.0], [741.0, 299.0]]",2.6372599383112423,0.41324175267017527,5.63982983737573,158.17164451646588
507,3,"[[735.0, 279.0], [753.0, 280.0], [752.0, 297.0], [734.0, 296.0]]",2.772728407159612,3.624236483304501,4.682581120265923,165.9902944221418
508,3,"[[726.0, 276.0], [744.0, 276.0], [745.0, 293.0], [726.0, 293.0]]",2.685868344237014,0.12354340501179328,0.5249335575428238,160.84782578041768
509,3,"[[719.0, 274.0], [738.0, 274.0], [738.0, 291.0], [720.0, 291.0]]",2.6823925492603884,0.8872689735011362,10.57641843998539,-152.14962033023906
510,3,"[[713.0, 275.0], [732.0, 276.0], [731.0, 293.0], [712.0, 291.0]]",2.607060312558329,5.210214295103587,7.486739928007813,-145.51906180870114
511,3,"[[706.0, 280.0], [724.0, 280.0], [723.0, 297.0], [705.0, 297.0]]",2.7335451298804823,0.941993300421633,12.482925610381,163.73510429193047
512,3,"[[700.0, 282.0], [719.0, 283.0], [718.0, 300.0], [700.0, 299.0]]",2.6681257418859325,3.74310859759727,8.225113115426732,-152.18116820166966
513,3,"[[700.0, 284.0], [719.0, 285.0], [717.0, 303.0], [699.0, 301.0]]",2.6687300483793597,5.052840687232584,4.582953331546188,-157.06751017285492
514,3,"[[702.0, 289.0], [720.0, 290.0], [720.0, 307.0], [701.0, 306.0]]",2.66769768300885,3.1609910302670516,0.09440622130756737,160.01849521527325
515,3,"[[708.0, 291.0], [727.0, 293.0], [726.0, 311.0], [707.0, 309.0]]",2.5687951467800545,5.801876544550644,-4.0924321484985615,162.85712437724342
516,3,"[[722.0, 296.0], [742.0, 298.0], [741.0, 315.0], [722.0, 314.0]]",2.528672042618707,5.147916411448889,11.59459343414508,-149.66820795558917
517,3,"[[733.0, 296.0], [753.0, 296.0], [753.0, 315.0], [733.0, 314.0]]",2.6707772092423374,0.8431122063598723,5.005249902629732,179.9669321465649
518,3,"[[736.0, 298.0], [756.0, 299.0], [755.0, 317.0], [735.0, 316.0]]",2.4955294806522925,3.2584295357247672,5.885388423772829,158.2809965102985
519,3,"[[736.0, 302.0], [755.0, 303.0], [754.0, 322.0], [734.0, 320.0]]",2.550906492489636,4.736479820218929,5.634727713370007,165.66361432619104
520,3,"[[737.0, 302.0], [757.0, 302.0], [757.0, 321.0], [737.0, 320.0]]",2.670338854940403,0.844267910161139,6.390052709101621,-179.53968425972167
521,3,"[[738.0, 296.0], [758.0, 297.0], [757.0, 316.0], [738.0, 314.0]]",2.5211202765758363,5.47724205323521,15.630164921482503,-156.2027619480041
522,3,"[[738.0, 291.0], [758.0, 292.0], [758.0, 311.0], [737.0, 309.0]]",2.4157224919598126,4.239200884397009,-0.1899278726952026,157.66106974429943
523,3,"[[740.0, 291.0], [760.0, 292.0], [760.0, 311.0], [739.0, 310.0]]",2.4289495883943117,2.992749385688041,1.84206651642159,161.75344058696388
524,3,"[[742.0, 291.0], [763.0, 291.0], [763.0, 310.0], [743.0, 310.0]]",2.4333448133321953,0.7671944238593584,11.934719972289784,-155.09758879148455
525,3,"[[744.0, 289.0], [765.0, 290.0], [764.0, 309.0], [743.0, 308.0]]",2.3838725162796424,3.197155221371635,6.013812401861609,159.50464255758888
526,3,"[[745.0, 292.0], [766.0, 293.0], [765.0, 312.0], [744.0, 311.0]]",2.384212137358119,3.1832631971184777,6.128388470895985,159.39139294919823
527,3,"[[747.0, 297.0], [768.0, 299.0], [767.0, 318.0], [746.0, 317.0]]",2.3741453319943804,4.325392825838845,2.2795110023791763,162.227924449977
528,3,"[[747.0, 298.0], [768.0, 299.0], [767.0, 319.0], [746.0, 318.0]]",2.3843143335169232,3.1055774299609697,5.554681477607534,167.11981675202088
529,3,"[[742.0, 300.0], [763.0, 301.0], [761.0, 321.0], [741.0, 319.0]]",2.432217723229435,4.738980262471842,7.820451483732022,-160.04310161275475
530,3,"[[735.0, 305.0], [756.0, 306.0], [755.0, 326.0], [734.0, 325.0]]",2.3755295194760815,3.0360846056552884,5.3014366820377425,166.45540840069054
531,3,"[[731.0, 312.0], [751.0, 314.0], [749.0, 334.0], [729.0, 332.0]]",2.4594939456739597,5.699724456877524,-1.4870825372617127,179.6544628072818
532,3,"[[725.0, 320.0], [746.0, 321.0], [744.0, 342.0], [724.0, 340.0]]",2.3980715167014477,4.814700633539595,13.99153868060145,-174.69733940646753
533,3,"[[724.0, 317.0], [746.0, 318.0], [745.0, 338.0], [723.0, 336.0]]",2.255724566115815,4.262378868778999,8.192933090940478,-150.885416281137
534,3,"[[723.0, 308.0], [744.0, 310.0], [742.0, 330.0], [721.0, 327.0]]",2.3487954388096624,7.3156581454842735,8.837445182193099,-155.64976179436974
535,3,"[[716.0, 307.0], [737.0, 307.0], [737.0, 327.0], [715.0, 327.0]]",2.3076781545613123,0.37267508080678663,8.23619667527327,161.29542980267865
536,3,"[[705.0, 309.0], [726.0, 310.0], [725.0, 330.0], [704.0, 329.0]]",2.3580476013185376,2.937559529895574,4.10166832051001,165.4776158313679
537,3,"[[694.0, 309.0], [716.0, 309.0], [716.0, 329.0], [694.0, 329.0]]",2.2495600518861854,0.16788992924640977,3.5902505320723557,158.06233675624995
538,3,"[[686.0, 314.0], [707.0, 315.0], [705.0, 336.0], [685.0, 335.0]]",2.3321544309709696,2.3926940289557184,-10.689364760227035,-173.03194588707154
539,3,"[[677.0, 323.0], [698.0, 323.0], [697.0, 344.0], [676.0, 343.0]]",2.335067494205366,1.5661710782160987,9.144489079984456,168.5033447363216
540,3,"[[671.0, 326.0], [692.0, 327.0], [691.0, 348.0], [670.0, 347.0]]",2.337607813091393,2.7102285696141926,-1.3884142684499199,-179.9780382580514
541,3,"[[667.0, 324.0], [689.0, 325.0], [688.0, 346.0], [666.0, 344.0]]",2.2304864057478397,4.083326464264927,5.6150405464568784,-157.21785898912356
542,3,"[[662.0, 324.0], [684.0, 325.0], [682.0, 346.0], [661.0, 344.0]]",2.2821603655854266,4.096383200787727,2.011523429711659,-161.13042116204173
543,3,"[[656.0, 328.0], [677.0, 329.0], [677.0, 350.0], [654.0, 349.0]]",2.2298611063313216,2.6536551893498954,1.9531212044213673,163.46716753989597
544,3,"[[647.0, 329.0], [668.0, 331.0], [666.0, 352.0], [645.0, 350.0]]",2.3272730357547693,5.421016750312708,-1.6229413551573098,-179.81626858997677
545,3,"[[637.0, 329.0], [659.0, 330.0], [658.0, 351.0], [636.0, 350.0]]",2.231474614837298,2.6260429317154133,1.0162583546191728,163.9066793640978
546,3,"[[629.0, 328.0], [651.0, 329.0], [649.0, 351.0], [628.0, 349.0]]",2.270997457060551,4.261775171955353,5.624330456532694,-175.36143387882032
547,3,"[[622.0, 333.0], [645.0, 335.0], [643.0, 356.0], [620.0, 354.0]]",2.1278085605301373,4.985465976817135,0.845397238185446,156.85881939948024
548,3,"[[624.0, 336.0], [646.0, 338.0], [643.0, 360.0], [622.0, 357.0]]",2.260619913958886,6.847507695427222,5.564002264987378,-176.16548482031547
549,3,"[[638.0, 329.0], [660.0, 330.0], [658.0, 352.0], [636.0, 350.0]]",2.2152017437584153,3.98864623720626,7.1464046851805385,168.0627326312905
550,3,"[[645.0, 319.0], [668.0, 319.0], [666.0, 342.0], [644.0, 340.0]]",2.172540570238432,2.703179110902315,7.7903663635982,169.2589009675706
551,3,"[[648.0, 310.0], [670.0, 311.0], [669.0, 334.0], [646.0, 332.0]]",2.174858394426632,3.8334211100556597,5.3383184284061675,177.83041006364752
551,190,"[[345.0, 393.0], [355.0, 394.0], [354.0, 401.0], [339.0, 398.0]]",4.157570697879866,9.567631295222363,-3.4755771413103425,116.38722014221088
552,3,"[[646.0, 302.0], [669.0, 303.0], [668.0, 325.0], [645.0, 323.0]]",2.1322717213082667,3.964374505315721,4.249551776568969,-156.26892637968933
553,3,"[[646.0, 288.0], [669.0, 290.0], [668.0, 312.0], [645.0, 310.0]]",2.116694940831996,4.620434886562667,-6.105030952183896,164.30296936670973
554,3,"[[645.0, 277.0], [669.0, 279.0], [667.0, 301.0], [644.0, 299.0]]",2.085896971236761,5.142988865193396,3.633195258998971,-154.52987405131836
555,3,"[[644.0, 272.0], [668.0, 272.0], [667.0, 295.0], [643.0, 293.0]]",2.053301868236252,2.524992742268498,1.0342945889084039,-151.8684750794555
556,3,"[[644.0, 267.0], [668.0, 268.0], [667.0, 291.0], [643.0, 290.0]]",2.053688795045062,2.481125368707683,0.9595892582042582,167.44299048332957
557,3,"[[641.0, 265.0], [665.0, 266.0], [664.0, 289.0], [640.0, 288.0]]",2.053795872562399,2.4705599358709107,0.8384442373325556,167.49892480259774
558,3,"[[635.0, 266.0], [659.0, 267.0], [656.0, 291.0], [634.0, 289.0]]",2.088942606292385,4.909859055069706,13.192391094434116,-179.38515056484977
559,3,"[[625.0, 272.0], [649.0, 274.0], [646.0, 296.0], [623.0, 295.0]]",2.0700589685745245,2.9909867571222,-8.463604400640977,-157.05054439569307
560,3,"[[611.0, 277.0], [635.0, 278.0], [633.0, 301.0], [609.0, 299.0]]",2.0435543729912293,3.7674771868143955,3.378895480896577,163.119367311872
608,3,"[[452.0, 183.0], [484.0, 184.0], [483.0, 213.0], [453.0, 212.0]]",1.6629032490576041,0.07597359130687006,-9.857548647275964,-150.50729331477126
609,3,"[[477.0, 184.0], [510.0, 186.0], [508.0, 215.0], [476.0, 213.0]]",1.571008497471766,1.6950310602156025,-10.692326887551072,-144.4027092522354
610,3,"[[500.0, 186.0], [532.0, 188.0], [531.0, 217.0], [499.0, 216.0]]",1.585082897306555,1.6738743120761006,-5.679647966626492,165.33566875848908
611,3,"[[519.0, 187.0], [551.0, 188.0], [550.0, 218.0], [518.0, 217.0]]",1.5747498288830797,1.2433218811035964,-2.577396062292239,167.11969943546717
612,3,"[[536.0, 183.0], [568.0, 184.0], [567.0, 215.0], [534.0, 214.0]]",1.5392868900606667,1.729693233300596,0.6743994967369737,168.8461022295584
613,3,"[[556.0, 182.0], [588.0, 184.0], [587.0, 215.0], [554.0, 214.0]]",1.5385034907135917,2.374237154833099,-1.2752913602103084,171.71656093044282
614,3,"[[574.0, 186.0], [608.0, 189.0], [606.0, 220.0], [573.0, 218.0]]",1.4865346698015856,4.0060640078978595,-1.0729367632941282,-149.1486951881717
615,3,"[[590.0, 192.0], [625.0, 193.0], [623.0, 225.0], [589.0, 223.0]]",1.4429352005958358,1.984262204985341,-3.159358476094892,-145.78111305655813
616,3,"[[604.0, 192.0], [639.0, 193.0], [637.0, 226.0], [603.0, 224.0]]",1.4415850505067698,2.1909553956363954,-1.9699095104241156,-149.7716952260497
617,3,"[[623.0, 195.0], [658.0, 197.0], [657.0, 230.0], [621.0, 227.0]]",1.395719444968372,3.568671815166505,-2.952904755289919,162.514418350876
618,3,"[[642.0, 201.0], [678.0, 204.0], [676.0, 237.0], [640.0, 234.0]]",1.3745521294786165,4.457536243538426,-2.3169801215601695,162.6054170977611
618,666,"[[227.0, 254.0], [211.0, 252.0], [235.0, 248.0], [256.0, 250.0]]",1.7945091005166849,170.29705628174816,77.10271554209218,86.88420923819884
619,3,"[[661.0, 206.0], [698.0, 208.0], [696.0, 243.0], [660.0, 240.0]]",1.3549526000199994,4.921627559549974,6.716569009268535,-150.60577248073668
620,3,"[[681.0, 208.0], [719.0, 210.0], [717.0, 245.0], [679.0, 242.0]]",1.308745260031442,3.976956213222749,1.1409825320846465,161.78093510691252
621,3,"[[702.0, 211.0], [741.0, 214.0], [739.0, 249.0], [700.0, 245.0]]",1.273773932469059,6.467267539810374,8.920010461916414,-143.03182725814932
622,3,"[[727.0, 214.0], [767.0, 218.0], [763.0, 253.0], [724.0, 250.0]]",1.2675059050291333,6.058019885951379,6.463419944799856,-145.87061082303066
623,3,"[[752.0, 212.0], [794.0, 212.0], [791.0, 248.0], [751.0, 247.0]]",1.2369123904720698,1.623488796535749,5.697496130907888,-142.6034003594243
624,3,"[[777.0, 203.0], [820.0, 205.0], [816.0, 242.0], [775.0, 238.0]]",1.2147884640023607,5.859581368505362,10.331728466420182,-140.58726802195733
625,3,"[[796.0, 203.0], [838.0, 207.0], [834.0, 245.0], [792.0, 240.0]]",1.2165553877521564,7.1775807141169885,5.584540230652583,162.21842676187023
757,190,"[[387.0, 257.0], [404.0, 280.0], [397.0, 282.0], [379.0, 258.0]]",1.782037302510592,54.47522739307918,-6.05376886495797,95.4460913099121
768,190,"[[472.0, 349.0], [492.0, 376.0], [482.0, 376.0], [463.0, 348.0]]",1.4642096187053395,54.1584578465711,4.972418470777792,94.83633675357332
769,10,"[[572.0, 10.0], [601.0, 12.0], [601.0, 39.0], [571.0, 37.0]]",1.770866715591583,1.7647500927755457,-6.024784554536806,167.73396850525293
770,10,"[[587.0, 16.0], [615.0, 16.0], [616.0, 44.0], [588.0, 45.0]]",1.8624066052723434,-2.0751358294187927,-3.1787785460816074,-178.2469821836086
